Social Value Portal,socialvalueportal.com
Verastar,verastarsolutions.in
Iceland Foods,iceland.co.uk
MindGym,themindgym.com
Infosys Consulting,infosysconsultinginsights.com
dcoded,dcodedtv.com
Insight International UK Ltd,insightinc.co.uk
Outpost24,outpost24.com
Ofgem,
Clear Business,clearbusiness.co.uk
Cognizant,cognizant.com
Slalom,slalom.com
Inardua,inardua.co
Tata Consultancy Services,tcs.com
BilgeAdam Technologies,bilgeadamtechnologies.com
Wiz,wizards.com
EOS IT Solutions,eosits.com
Fitch Ratings,fitchratings.com
SmartestEnergy,smartestenergy.com
SoftNice,softnice.com
Proxify,proxify.io
YO IT CONSULTING,
Residential Management Group Limited,rmguk.com
Keller Williams Realty Old Town Alexandria VA,kwmetrocenter.com
Accenture UK  Ireland,accenture.com
Newpage Solutions,newpage.io
Cognizant,cognizant.com
BH Photo Video,bhphotovideo.com
Akkodis,modisfrance.fr
Bollinger Motors,bollingermotors.com
Brooksource,brooksource.com
Alludo,alludolearning.com
Conviso Inc,convisoinc.com
BlackLine,blackline.com
Brite,brite.co
BSE Global,bseglobal.net
Augusta Hitech,augustahitech.com
Edo,edomex.gob.mx
Federal Reserve Bank of Boston,bostonfed.org
Genisis Technology Solutions,genisistechnologysolutions.com
eSimplicity,esimplicity.tech
Finalsite,finalsite.com
Genpact,genpact.com
Global Payments Inc,globalpaymentsinc.com
Guidehouse,guidehouse.com
Globant,globant.com
Headway,headway.co
Hexaware Technologies,hexaware.com
i4DM,id.me
Hilltop Holdings,hilltop-holdings.com
ICW Group,icwgroup.com
iLabs Inc,ilabs-inc.com
Innova Solutions,innovasolutions.com
Indev,indevjobs.org
James Hardie,jameshardie.com
Janus Henderson Investors,janushenderson.com
Ket Software,ketsoftware.com
Maximus,maximus.com
Medasource,medasource.com
Mercer Advisors,merceradvisors.com
Mutual of Omaha Mortgage,mutualmortgage.com
Nyman Turkish PC,nymanturkish.com
Oloop Technology Solutions,olooptech.com
Penn State University,psuea.org
Perficient,perficient.com
Project Canary,projectcanary.com
QuantoKnack,quantoknack.com
Red Hat,redhat.com
RedVan,redvanly.com
Rootshell Inc,rootshellinc.com
Rush University Medical Center,rush.edu
Savills North America,savills.us
SBG Funding,sbgfunding.com
Signal Advisors,signaladvisors.com
Signet Jewelers,signetjewelers.com
CERROALTO Digital LLC,cerroaltodigital.com
Freeman Company,freeman.com
A United Pakistan,
Alexandra Lozano Immigration Law PLLC,abogadaalexandra.com
DraftKings Inc,draftkings.com
CoreSphere LLC,coresphere.com
First Soft Solutions LLC,firstsoftsolutions.net
fusionSpan,fusionspan.com
Tri Pointe Homes,tripointehomes.com
Kforce Inc,kforce.com
Droisys,droisys.com
University of Utah,utah.edu
Verily,verilymag.com
Veritone,veritone.com
Vertafore,vertafore.com
VySystems,vysystems.com
Worldwide Clinical Trials,worldwide.com
Xoriant,xoriant.com
Kiteworks,kiteworks.com
Steampunk Inc,
Synechron,synechron.com
Cloud SynApps Inc,cloudsynapps.com
ACS Consultancy Services Inc,acsconsultancyny.com
DMI Digital Management LLC,dminc.com
Trustify Technology,trustifytechnology.com
Fitch Group Inc,fitch.group
SysTechCorp Inc,
Tremco Commercial Sealants  Waterproofing,tremcosealants.com
Canonical,canonical.com
3Pillar,pillarcatholic.com
CSC Generation,cscgeneration.com
Citi,citi.com
Babylist,babylist.com
Amplitude,amplitude.com
ELITS,elitsport.pl
Cardata,cardata.co
Alkymi,alkymi.io
DataAnnotation,dataannotation.tech
Cooperators,cooperators.ca
Equisoft,equisoft.com
Cash App,cash.app
Desjardins,desjardins.com
All Routes Logistics,allrouteslogistics.com
Everest Clinical Research,ecrscorp.com
FGF Brands,fgfbrands.com
Ford Motor Company,fordfund.org
Finix,finix.com
Genetec,genetec.com
Helcim,helcim.com
Fortinet,fortinet.com
Flynn Group of Companies,flynncompanies.com
Global Relay,globalrelay.com
Future Buildings,futurebuildings.com
Ideogram,ideogram-design.com
Bounteous,bounteous.com
Canac,canac.ca
BitGo,bitgo.com
lululemon,lululemon.com
Minerva,minervafoods.com
Morningstar,morningstar.com
Jotform,jotform.com
Luxoft,luxoft.com
HRConnects,hrconnectsllc.com
Mirego,mire.gob.pa
Nasdaq,nasdaq.com
OneSpan,onespan.com
Ness Digital Engineering,ness.com
Morgan Stanley,morganstanley.com
NEARSOURCE TECHNOLOGIES,nearsource.ca
OpenPhone,openphone.com
Orion Innovation,orioninc.com
CBCRadioCanada,cbc.radio-canada.ca
Arlo Technologies Inc,arlo.com
AOShield Solutions Inc,aoshield.com
LGS an IBM Company,lgs.com
Centric Software,centricsoftware.com
CGI,cgi.com
Resource Modeling Solutions,resourcemodelingsolutions.com
Reuters News Agency,reutersagency.com
Appsyoulove,appsyoulove.com
LaPrairie Group of Companies,laprairiegroup.com
Robinhood,robinhood.com
Robots  Pencils,robotsandpencils.com
Pearl Technologies Ltd,pearltechnologies.com
RONA,rona.ca
Medico Supplies Inc,medico-supplies.com
NRT Technology Corp,nrttech.com
Samsara,samsara.com
Prep DoctorsÂ,us.prepdoctors.com
Sootz Clothing,sootzclothing.com
Lime,limelush.com
Stripe,stripe.com
Rakuten Kobo Inc,kobo.com
Longbow Advantage,longbowadvantage.com
SuiteSpot,suitespottechnology.com
UKG,ukg.com
Synechron,synechron.com
Thales,thalesgroup.com
League,leagueoflegends.com
PIXOMONDO,pixomondo.com
Olameter,olameter.com
Pratt  Whitney Canada,pwc.ca
PressReader,pressreader.com
Prodigy Education,prodigygame.com
Atimi Software,atimi.com
Rivian and Volkswagen Group Technologies,rivian.com
Autodesk,autodesk.com
Rakuten Rewards,rakuten.com
Rave,ravelry.com
Autodesk,autodesk.com
Finix,finix.com
Coveo,coveo.com
Dropbox,dropbox.com
CANImmunize,canimmunize.ca
Cash App,cash.app
Fluent Inc,fluentincoffee.com
Fortinet,fortinet.com
Diligente Technologies,diligentetechnologies.com
Global Relay,globalrelay.com
FutureSight,futuresight.co
FutureFit AI,futurefit.ai
GLS Canada,gls-canada.com
Genpact,genpact.com
Koda Health,kodahealthcare.com
Absorb Software,absorblms.com
BÃƒÂa Neuroscience,bu.edu
BarberOS Technologies Inc,barber-os.com
Arlo Technologies Inc,arlo.com
CGS Federal Contact Government Services,cgsfederal.com
Hanson Canada,hansoncollegeon.com
CBCRadioCanada,cbc.radio-canada.ca
EQ Bank  Equitable Bank,eqbank.ca
Homewood Health Centre,homewoodhealthcentre.com
Agora,agorapulse.com
Kumaran Systems,kumaran.com
AssistIQ,assistiq.ai
Lime,limelush.com
Cofomo,cofomo.com
Konrad Group,konrad.com
Centric Software,centricsoftware.com
Homebase,joinhomebase.com
Lyft,lyft.com
Nascent,nascenteseguros.pt
Orion Innovation,orioninc.com
MEDFAR,medfarsolutions.com
Nautical Commerce,nauticalcommerce.com
Playwire,playwire.com
KNEWPLAY,knewplay.ca
Rave,ravelry.com
Robots  Pencils,robotsandpencils.com
Samsara,samsara.com
LaPrairie Group of Companies,laprairiegroup.com
LGS an IBM Company,lgs.com
BitKernel,bitkernel.com
OpenGreenCard,
PMassistantai,pmassistant.ai
Riva International Inc,rivaengine.com
Rakuten Kobo Inc,kobo.com
Rivian and Volkswagen Group Technologies,rivian.com
TextNow,textnow.com
Thomson Reuters,thomsonreuters.com
OpenPhone,openphone.com
Tilt,tilt.com
Xello,xello.world
WorkJam,workjam.com
Xsolla,xsolla.com
NRT Technology Corp,nrttech.com
Quora,quora.com
Robinhood,robinhood.com
OMERS,omers.com
SyncWith,syncwith.com
Lightci Light Consulting,lightci.com
System Dynamics Corporation,
Rakuten Rewards,rakuten.com
Systematix,systematixgroup.in
Cognizant,cognizant.com
Acorns,acorns.com
Dapper Labs,dapperlabs.com
Anthropic,anthropics.com
brightwheel,mybrightwheel.com
Capgemini Engineering,capgemini-engineering.com
Digital Janet,digitaljanet.com
Centric Software,centricsoftware.com
Cohere Technology Group,coheretechnology.com
DoorDash,doordash.com
Brilliantorg,brilliant.org
Experian,experian.com
Five Pack,fivepackcreative.com
Future,futurelearn.com
Fetch,fetchpackage.com
FOX Tech,foxtechfpv.com
GEICO,geico.com
Genie AI,genieai.co
Google,google.com
Hard Rock Digital,hardrockdigital.com
Intuit,intuit.com
JPMorganChase,jpmorganchase.com
InterEx Group,interex-group.com
Kikoff,kikoff.com
Aura Home Inc,auraframes.com
DatamanUSA LLC,datamanusa.com
ACS Consultancy Services Inc,acsconsultancyny.com
applyconnecttestcompanysilver,
Encore Talent Solutions,helloencore.com
Contech Systems Inc,contech-it.com
ADPMN Inc,adpmn.com
Jobs via Dice,dice.com
Kforce Inc,kforce.com
Largeton Group,largeton.com
Lyft,lyft.com
Bottomline,bottomlinesavings.com
Meetsta,meetstat.co
NetSfere,netsfere.com
NRG Energy,nrg.com
Paperless Post,paperlesspost.com
PayJoy,payjoy.com
Notion,notion.so
Paycom,paycomet.com
RGBSI,rgbsi.com
Envoy,envoy.com
Rheem Manufacturing,rheem.com
Samsara,samsara.com
Credit Karma,creditkarma.com
AllTrails,alltrails.com
Soulstice Dating,soulsticedating.com
Speak,speakeasy.net
STAND 8 Technology Services,stand8.io
Tech Consulting,128techconsultinginc.com
TransCore,transcore.com
TechCells,techcells.com
Twitch,twitch.tv
Upside,getupside.com
Walgreens,walgreens.com
Whatnot,whatnot.com
Zscaler,zscaler.com
Verily,verilymag.com
WeCare Medical Specialty Group,wecaremedical.us
Oracle Middleware Test Company,oracle.com
Pulivarthi Group PG,pulivarthigroup.com
Peloton Interactive,onepeloton.com
Rivian and Volkswagen Group Technologies,rivian.com
SpreeAI,spreeai.com
Tanisha Systems Inc,tanishasystems.com
ReachMobi,reachmobile.com
Robinhood,robinhood.com
Cash App,cash.app
Citizen Health,citizenhealthsolutions.com
Duolingo,duolingo.com
Back Market,backmarket.com
Fidelity Investments,fidelity.com
Credit Genie,creditgenie.com
Droisys,droisys.com
American Vassal,americanvassal.com
Chance App,chanceapp.co
Drivemode,drivemodedashboard.com
FITMATCHai,fitmatch.ai
DRT Strategies,drtstrategies.com
Beacon AI,beaconai.co
Jenius Bank,jeniusbank.com
High Country Search Group,highcountrysearch.com
Jump,jumpcloud.com
iClassPro  Class Management Software,iclassp.ro
Aura Home Inc,auraframes.com
EMM Group Inc,emmgroup.net
A United Pakistan,
Compunnel Inc,compunnel.com
Galaxy i technologies Inc,galaxyitech.com
MadisonDavis LLC,madisondavis.com
Keurig Dr Pepper Inc,keurigdrpepper.com
Insulet Corporation,insulet.com
Fortira Inc,8.4K+ followers
Goliath Partners,goliathpartners.com
Notion,notion.so
OKX,okx.com
GameChanger,gc.com
Meetsta,meetstat.co
Paxful,paxful.com
Photobucket,photobucket.com
IXL Learning,ixl.com
Quora,quora.com
G2O,google.com
Perplexity,perplexity.ca
Prosum,groupeprosuma.com
Ring,ring.com
Red Oak Technologies,redoaktech.com
Robinhood,robinhood.com
Tech Consulting,128techconsultinginc.com
Tilt,tilt.com
TEK NINJAS,tekninjas.com
Grubhub,grubhub.com
Upwards,upward.org
Verily,verilymag.com
Vanguard,vanguard.com
onXmaps Inc,onxmaps.com
Palarum LLC,palarum.com
Mewtant,mewtant.io
Ad Hoc Labs makers of Burner  Dialed,adhoclabs.co
Kforce Inc,kforce.com
SMKSoft Inc,smksoft.com
Stier Solutions Inc,stiersol.com
Victoriaâs Secret  Co,victoriassecretandco.com
VMC Soft Technologies Inc,vmcsofttech.com
Vaporstream Inc,6.3K+ followers
Patreon,patreon.com
NetSfere,netsfere.com
Warner Music Group,wmg.com
Whatnot,whatnot.com
Square,squarespace.com
Tata Consultancy Services,
Yale and August US,august.com
VSoft Consulting Group Inc,vsoftconsulting.com
Yassir,yassir.com
